"SubjectID","ProblemID","StartOrder","FirstCorrect","EverCorrect","UsedHint","Attempts"
"S011","helloWorld",1793,FALSE,TRUE,FALSE,4
"S011","doubleX",1797,TRUE,TRUE,FALSE,1
"S011","raiseToPower",1798,TRUE,TRUE,FALSE,1
"S011","convertToDegrees",1799,TRUE,TRUE,FALSE,1
"S011","isPunctuation",1800,FALSE,FALSE,TRUE,3
"S011","findRoot",1806,FALSE,FALSE,FALSE,1
"S011","leftoverCandy",1807,TRUE,TRUE,FALSE,1
"S011","intToFloat",1808,TRUE,TRUE,FALSE,1
"S011","howManyEggCartons",1809,TRUE,TRUE,FALSE,1
"S011","kthDigit",1810,FALSE,FALSE,FALSE,3
"S011","nearestBusStop",1813,FALSE,FALSE,FALSE,2
"S011","backwardsCombine",1815,TRUE,TRUE,FALSE,1
"S011","firstAndLast",1816,FALSE,TRUE,TRUE,13
"S011","singlePigLatin",1831,FALSE,TRUE,FALSE,2
"S011","overNineThousand",1835,TRUE,TRUE,FALSE,1
"S011","hasTwoDigits",1836,FALSE,TRUE,FALSE,2
"S011","canDrinkAlcohol",1838,FALSE,TRUE,FALSE,3
"S011","isEvenPositiveInt",1841,TRUE,TRUE,FALSE,1
"S011","oneToN",1850,FALSE,FALSE,FALSE,11
"S014","helloWorld",1484,FALSE,TRUE,FALSE,2
"S014","doubleX",1486,TRUE,TRUE,FALSE,1
"S014","raiseToPower",1487,TRUE,TRUE,FALSE,1
"S014","convertToDegrees",1488,FALSE,TRUE,FALSE,2
"S014","isPunctuation",1490,FALSE,TRUE,TRUE,2
"S014","findRoot",1493,FALSE,FALSE,FALSE,3
"S014","intToFloat",2405,TRUE,TRUE,FALSE,1
"S014","leftoverCandy",2409,FALSE,TRUE,FALSE,2
"S014","howManyEggCartons",2412,FALSE,FALSE,TRUE,13
"S014","kthDigit",2437,FALSE,FALSE,TRUE,3
"S020","helloWorld",1144,FALSE,TRUE,FALSE,2
"S020","doubleX",1150,TRUE,TRUE,FALSE,1
"S020","raiseToPower",1151,TRUE,TRUE,FALSE,1
"S020","convertToDegrees",2162,TRUE,TRUE,FALSE,1
"S020","isPunctuation",2163,FALSE,FALSE,TRUE,18
"S020","findRoot",2199,TRUE,TRUE,FALSE,1
"S020","intToFloat",2200,TRUE,TRUE,FALSE,1
"S020","leftoverCandy",2201,TRUE,TRUE,FALSE,1
"S020","howManyEggCartons",2202,FALSE,FALSE,FALSE,3
"S020","kthDigit",2205,FALSE,FALSE,FALSE,5
"S020","nearestBusStop",2948,FALSE,TRUE,FALSE,6
"S020","backwardsCombine",2954,TRUE,TRUE,FALSE,1
"S020","firstAndLast",2955,FALSE,TRUE,FALSE,2
"S020","singlePigLatin",2957,TRUE,TRUE,FALSE,1
"S020","overNineThousand",2958,FALSE,FALSE,TRUE,1
"S020","hasTwoDigits",2960,FALSE,FALSE,FALSE,1
"S023","canDrinkAlcohol",1351,FALSE,FALSE,FALSE,3
"S034","helloWorld",1180,FALSE,TRUE,TRUE,4
"S034","doubleX",1186,FALSE,TRUE,TRUE,2
"S034","raiseToPower",1189,FALSE,TRUE,TRUE,2
"S034","convertToDegrees",1192,FALSE,FALSE,TRUE,3
"S034","canDrinkAlcohol",1893,FALSE,TRUE,FALSE,3
"S034","isEvenPositiveInt",1896,FALSE,FALSE,FALSE,10
"S049","helloWorld",1938,TRUE,TRUE,FALSE,1
"S049","doubleX",1939,TRUE,TRUE,FALSE,1
"S049","raiseToPower",1940,TRUE,TRUE,FALSE,1
"S049","convertToDegrees",1941,FALSE,TRUE,FALSE,4
"S049","isPunctuation",1945,FALSE,TRUE,FALSE,2
"S049","findRoot",1970,TRUE,TRUE,FALSE,1
"S049","intToFloat",1975,TRUE,TRUE,FALSE,1
"S049","leftoverCandy",1978,FALSE,TRUE,FALSE,7
"S049","howManyEggCartons",2037,FALSE,FALSE,FALSE,14
"S049","backwardsCombine",2884,FALSE,FALSE,FALSE,1
"S053","helloWorld",2245,TRUE,TRUE,FALSE,1
"S053","doubleX",2246,TRUE,TRUE,FALSE,1
"S053","raiseToPower",2247,TRUE,TRUE,FALSE,1
"S053","convertToDegrees",2248,FALSE,TRUE,FALSE,2
"S053","isPunctuation",2253,FALSE,FALSE,TRUE,5
"S053","findRoot",2269,FALSE,TRUE,FALSE,3
"S053","intToFloat",2273,FALSE,TRUE,TRUE,2
"S053","leftoverCandy",2277,FALSE,TRUE,FALSE,2
"S053","howManyEggCartons",2279,FALSE,FALSE,TRUE,8
"S053","kthDigit",2289,FALSE,TRUE,FALSE,4
"S053","nearestBusStop",2293,FALSE,TRUE,TRUE,2
"S053","backwardsCombine",2296,TRUE,TRUE,FALSE,1
"S053","firstAndLast",2298,TRUE,TRUE,FALSE,1
"S053","singlePigLatin",2299,FALSE,TRUE,TRUE,8
"S053","overNineThousand",2308,TRUE,TRUE,FALSE,1
"S053","hasTwoDigits",2309,TRUE,TRUE,FALSE,1
"S053","canDrinkAlcohol",2310,FALSE,TRUE,FALSE,2
"S053","isEvenPositiveInt",2312,FALSE,TRUE,TRUE,18
"S053","oneToN",2333,FALSE,TRUE,TRUE,9
"S054","helloWorld",1762,FALSE,TRUE,FALSE,2
"S054","doubleX",1765,TRUE,TRUE,FALSE,1
"S054","raiseToPower",1766,FALSE,TRUE,FALSE,2
"S054","convertToDegrees",1768,FALSE,FALSE,FALSE,3
"S054","isPunctuation",1771,FALSE,FALSE,FALSE,5
"S054","intToFloat",1776,TRUE,TRUE,FALSE,1
"S054","howManyEggCartons",1777,FALSE,FALSE,FALSE,10
"S054","leftoverCandy",1778,TRUE,TRUE,FALSE,1
"S058","helloWorld",1409,TRUE,TRUE,FALSE,1
"S058","backwardsCombine",1410,TRUE,TRUE,FALSE,1
"S058","firstAndLast",2034,TRUE,TRUE,FALSE,1
"S058","intToFloat",2066,TRUE,TRUE,FALSE,1
"S058","doubleX",2068,TRUE,TRUE,FALSE,1
"S058","raiseToPower",2069,TRUE,TRUE,FALSE,1
"S058","convertToDegrees",2071,TRUE,TRUE,FALSE,1
"S058","findRoot",2072,FALSE,TRUE,FALSE,5
"S058","leftoverCandy",2098,TRUE,TRUE,FALSE,1
"S058","howManyEggCartons",2100,FALSE,FALSE,FALSE,1
"S062","helloWorld",2704,FALSE,TRUE,FALSE,4
"S062","doubleX",2709,FALSE,TRUE,FALSE,2
"S062","raiseToPower",2712,TRUE,TRUE,FALSE,1
"S062","convertToDegrees",2714,FALSE,FALSE,FALSE,2
"S062","isPunctuation",2716,FALSE,FALSE,TRUE,0
"S062","findRoot",2719,FALSE,FALSE,TRUE,7
"S062","intToFloat",2728,FALSE,FALSE,FALSE,1
"S062","leftoverCandy",2729,FALSE,TRUE,FALSE,3
"S062","howManyEggCartons",2731,FALSE,FALSE,FALSE,6
"S062","kthDigit",2738,FALSE,FALSE,TRUE,14
"S072","helloWorld",2501,TRUE,TRUE,FALSE,1
"S072","raiseToPower",2503,TRUE,TRUE,FALSE,1
"S072","doubleX",2504,TRUE,TRUE,FALSE,1
"S072","convertToDegrees",2505,FALSE,TRUE,FALSE,5
"S072","isPunctuation",2515,FALSE,FALSE,FALSE,2
"S072","findRoot",2517,TRUE,TRUE,FALSE,1
"S072","intToFloat",2524,TRUE,TRUE,FALSE,1
"S072","leftoverCandy",2539,TRUE,TRUE,FALSE,1
"S072","howManyEggCartons",2558,FALSE,FALSE,FALSE,6
"S072","kthDigit",2598,FALSE,FALSE,FALSE,1
"S072","nearestBusStop",2618,FALSE,TRUE,FALSE,2
"S072","backwardsCombine",2630,TRUE,TRUE,FALSE,1
"S072","firstAndLast",2634,TRUE,TRUE,FALSE,1
"S072","singlePigLatin",2638,FALSE,TRUE,FALSE,3
"S072","overNineThousand",2643,TRUE,TRUE,FALSE,1
"S072","hasTwoDigits",2644,FALSE,TRUE,FALSE,2
"S072","canDrinkAlcohol",2646,FALSE,TRUE,FALSE,4
"S072","oneToN",2671,FALSE,TRUE,FALSE,2
"S074","helloWorld",1650,TRUE,TRUE,FALSE,1
"S074","doubleX",1651,TRUE,TRUE,FALSE,1
"S074","raiseToPower",1652,TRUE,TRUE,FALSE,1
"S074","convertToDegrees",1653,FALSE,FALSE,TRUE,1
"S085","helloWorld",1916,TRUE,TRUE,FALSE,1
"S085","doubleX",1917,TRUE,TRUE,FALSE,1
"S085","raiseToPower",1918,TRUE,TRUE,FALSE,1
"S085","convertToDegrees",1919,FALSE,FALSE,FALSE,1
"S085","findRoot",1920,TRUE,TRUE,FALSE,1
"S085","leftoverCandy",1921,TRUE,TRUE,FALSE,1
"S085","intToFloat",1922,TRUE,TRUE,FALSE,1
"S085","howManyEggCartons",1924,FALSE,FALSE,FALSE,2
"S085","kthDigit",1926,FALSE,TRUE,FALSE,7
"S089","raiseToPower",1694,TRUE,TRUE,FALSE,1
"S089","convertToDegrees",1695,FALSE,FALSE,TRUE,2
"S089","isPunctuation",1698,FALSE,FALSE,FALSE,2
"S089","intToFloat",1699,TRUE,TRUE,FALSE,1
"S089","leftoverCandy",1700,TRUE,TRUE,FALSE,1
"S089","howManyEggCartons",1701,FALSE,FALSE,TRUE,10
"S089","kthDigit",1712,FALSE,FALSE,FALSE,3
"S089","nearestBusStop",1715,FALSE,FALSE,FALSE,2
"S089","backwardsCombine",1717,FALSE,TRUE,FALSE,5
"S089","firstAndLast",1722,FALSE,FALSE,TRUE,25
"S089","singlePigLatin",1867,FALSE,FALSE,TRUE,3
"S089","overNineThousand",1871,TRUE,TRUE,FALSE,1
"S089","hasTwoDigits",1872,FALSE,FALSE,FALSE,10
"S089","canDrinkAlcohol",1882,FALSE,FALSE,FALSE,2
"S089","isEvenPositiveInt",1884,FALSE,FALSE,FALSE,2
"S089","helloWorld",1886,TRUE,TRUE,FALSE,1
"S089","doubleX",1887,TRUE,TRUE,FALSE,1
"S089","findRoot",1889,FALSE,FALSE,FALSE,4
"S107","helloWorld",2402,FALSE,FALSE,FALSE,3
"S110","helloWorld",1005,TRUE,TRUE,FALSE,1
"S110","doubleX",1007,TRUE,TRUE,FALSE,1
"S110","raiseToPower",1009,TRUE,TRUE,FALSE,1
"S110","convertToDegrees",1022,FALSE,TRUE,FALSE,2
"S110","isPunctuation",1030,FALSE,FALSE,FALSE,2
"S110","leftoverCandy",1203,TRUE,TRUE,FALSE,1
"S110","intToFloat",1347,TRUE,TRUE,FALSE,1
"S112","doubleX",2222,TRUE,TRUE,FALSE,1
"S112","helloWorld",2223,TRUE,TRUE,FALSE,1
"S117","canDrinkAlcohol",2608,FALSE,FALSE,FALSE,1
"S127","helloWorld",3035,TRUE,TRUE,FALSE,1
"S127","doubleX",3037,TRUE,TRUE,FALSE,1
"S127","raiseToPower",3038,TRUE,TRUE,FALSE,1
"S127","convertToDegrees",3039,FALSE,FALSE,FALSE,2
"S127","intToFloat",3041,TRUE,TRUE,FALSE,1
"S127","findRoot",3042,TRUE,TRUE,FALSE,1
"S127","howManyEggCartons",3043,FALSE,FALSE,FALSE,4
"S127","leftoverCandy",3044,TRUE,TRUE,FALSE,1
"S127","singlePigLatin",3055,FALSE,TRUE,FALSE,2
"S127","overNineThousand",3057,FALSE,FALSE,TRUE,7
"S127","hasTwoDigits",3067,FALSE,TRUE,FALSE,4
"S127","canDrinkAlcohol",3071,FALSE,FALSE,TRUE,3
"S127","isEvenPositiveInt",3072,FALSE,FALSE,FALSE,2
"S127","oneToN",3080,TRUE,TRUE,FALSE,1
"S132","helloWorld",1436,FALSE,TRUE,FALSE,2
"S132","raiseToPower",1439,TRUE,TRUE,FALSE,1
"S132","doubleX",1440,TRUE,TRUE,FALSE,1
"S132","convertToDegrees",1441,TRUE,TRUE,FALSE,1
"S132","isPunctuation",1442,FALSE,FALSE,TRUE,13
"S132","findRoot",1752,FALSE,FALSE,FALSE,2
"S132","intToFloat",1754,TRUE,TRUE,FALSE,1
"S132","leftoverCandy",1755,FALSE,TRUE,FALSE,3
"S132","howManyEggCartons",1759,FALSE,TRUE,FALSE,8
"S132","kthDigit",1853,TRUE,TRUE,FALSE,1
"S132","nearestBusStop",1933,FALSE,FALSE,FALSE,1
"S132","backwardsCombine",1934,TRUE,TRUE,FALSE,1
"S132","firstAndLast",1935,FALSE,TRUE,FALSE,7
"S132","singlePigLatin",2086,FALSE,FALSE,FALSE,8
"S132","overNineThousand",2094,TRUE,TRUE,FALSE,1
"S132","hasTwoDigits",2095,FALSE,FALSE,FALSE,3
"S132","canDrinkAlcohol",3026,FALSE,TRUE,FALSE,3
"S139","helloWorld",2781,TRUE,TRUE,FALSE,1
"S139","doubleX",2782,TRUE,TRUE,FALSE,1
"S139","raiseToPower",2783,TRUE,TRUE,FALSE,1
"S148","helloWorld",971,TRUE,TRUE,FALSE,1
"S148","doubleX",972,TRUE,TRUE,FALSE,1
"S148","raiseToPower",973,TRUE,TRUE,FALSE,1
"S148","convertToDegrees",1065,FALSE,FALSE,FALSE,2
"S150","helloWorld",1214,FALSE,TRUE,FALSE,2
"S150","doubleX",1219,TRUE,TRUE,FALSE,1
"S150","raiseToPower",1223,FALSE,TRUE,FALSE,6
"S150","convertToDegrees",1229,FALSE,FALSE,FALSE,3
"S150","isPunctuation",1232,FALSE,FALSE,FALSE,2
"S150","oneToN",1234,FALSE,FALSE,FALSE,23
"S150","findRoot",1252,FALSE,TRUE,FALSE,2
"S150","intToFloat",1254,TRUE,TRUE,FALSE,1
"S150","leftoverCandy",1255,FALSE,TRUE,FALSE,4
"S150","howManyEggCartons",1259,FALSE,FALSE,FALSE,11
"S150","kthDigit",1270,FALSE,TRUE,FALSE,2
"S150","backwardsCombine",1272,FALSE,TRUE,FALSE,6
"S150","singlePigLatin",1278,FALSE,FALSE,FALSE,9
"S150","firstAndLast",1281,FALSE,TRUE,FALSE,6
"S150","overNineThousand",1284,TRUE,TRUE,FALSE,1
"S150","hasTwoDigits",1285,FALSE,TRUE,FALSE,3
"S150","canDrinkAlcohol",1288,FALSE,TRUE,FALSE,5
"S150","isEvenPositiveInt",1289,FALSE,TRUE,FALSE,5
"S150","nearestBusStop",1306,FALSE,FALSE,FALSE,1
"S175","helloWorld",2451,TRUE,TRUE,FALSE,1
"S175","doubleX",2454,TRUE,TRUE,FALSE,1
"S175","intToFloat",2459,TRUE,TRUE,FALSE,1
"S175","backwardsCombine",2460,TRUE,TRUE,FALSE,1
"S175","firstAndLast",2461,TRUE,TRUE,FALSE,1
"S175","singlePigLatin",2465,FALSE,TRUE,TRUE,6
"S175","overNineThousand",2483,FALSE,FALSE,FALSE,1
"S175","hasTwoDigits",2487,FALSE,FALSE,TRUE,6
"S175","isEvenPositiveInt",2776,FALSE,FALSE,FALSE,3
"S180","helloWorld",1316,FALSE,FALSE,TRUE,10
"S180","doubleX",1323,TRUE,TRUE,FALSE,1
"S180","raiseToPower",1324,TRUE,TRUE,FALSE,1
"S180","convertToDegrees",1325,FALSE,FALSE,TRUE,0
"S180","isPunctuation",1330,FALSE,FALSE,TRUE,0
"S180","backwardsCombine",2228,FALSE,FALSE,FALSE,4
"S180","singlePigLatin",2232,FALSE,FALSE,FALSE,2
"S181","kthDigit",1139,FALSE,FALSE,FALSE,4
"S187","helloWorld",2156,TRUE,TRUE,FALSE,1
"S187","doubleX",2157,TRUE,TRUE,FALSE,1
"S187","raiseToPower",2158,TRUE,TRUE,FALSE,1
"S187","convertToDegrees",2159,FALSE,FALSE,FALSE,1
"S187","intToFloat",2682,TRUE,TRUE,FALSE,1
"S187","leftoverCandy",2683,FALSE,TRUE,FALSE,2
"S187","backwardsCombine",2685,TRUE,TRUE,FALSE,1
"S187","firstAndLast",2686,FALSE,FALSE,FALSE,4
"S187","canDrinkAlcohol",2690,FALSE,TRUE,FALSE,3
"S187","oneToN",2695,FALSE,FALSE,FALSE,4
"S194","helloWorld",2406,TRUE,TRUE,FALSE,1
"S194","doubleX",2407,TRUE,TRUE,FALSE,1
"S194","raiseToPower",2408,TRUE,TRUE,FALSE,1
"S194","convertToDegrees",2410,FALSE,FALSE,TRUE,2
"S194","isPunctuation",2423,FALSE,FALSE,TRUE,0
"S198","helloWorld",1354,FALSE,TRUE,FALSE,3
"S201","helloWorld",2754,TRUE,TRUE,FALSE,1
"S201","doubleX",2756,TRUE,TRUE,FALSE,1
"S201","raiseToPower",2757,TRUE,TRUE,FALSE,1
"S201","convertToDegrees",2758,FALSE,TRUE,TRUE,1
"S201","isPunctuation",2760,FALSE,FALSE,TRUE,5
"S207","helloWorld",1125,FALSE,TRUE,FALSE,9
"S207","doubleX",1133,TRUE,TRUE,FALSE,1
"S207","raiseToPower",1135,TRUE,TRUE,FALSE,1
"S207","convertToDegrees",1136,FALSE,TRUE,FALSE,2
"S207","isPunctuation",1138,FALSE,FALSE,FALSE,1
"S207","intToFloat",1152,FALSE,FALSE,FALSE,1
"S207","leftoverCandy",1153,FALSE,TRUE,FALSE,5
"S331","helloWorld",3105,TRUE,TRUE,FALSE,1
"S331","doubleX",3107,TRUE,TRUE,FALSE,1
"S331","raiseToPower",3108,TRUE,TRUE,FALSE,1
"S334","helloWorld",79,FALSE,TRUE,TRUE,11
"S334","raiseToPower",82,TRUE,TRUE,FALSE,1
"S334","doubleX",111,TRUE,TRUE,FALSE,1
"S334","convertToDegrees",114,FALSE,FALSE,FALSE,2
"S347","helloWorld",379,FALSE,TRUE,TRUE,2
"S347","doubleX",393,TRUE,TRUE,FALSE,1
"S347","raiseToPower",394,TRUE,TRUE,FALSE,1
"S347","convertToDegrees",409,FALSE,TRUE,FALSE,5
"S347","findRoot",419,TRUE,TRUE,FALSE,1
"S347","oneToN",422,FALSE,FALSE,TRUE,16
"S372","helloWorld",829,TRUE,TRUE,FALSE,1
"S372","doubleX",830,TRUE,TRUE,FALSE,1
"S372","raiseToPower",831,FALSE,TRUE,FALSE,2
"S372","convertToDegrees",833,FALSE,TRUE,FALSE,2
"S372","findRoot",835,FALSE,TRUE,FALSE,2
"S372","intToFloat",837,TRUE,TRUE,FALSE,1
"S372","leftoverCandy",838,TRUE,TRUE,FALSE,1
"S372","howManyEggCartons",839,TRUE,TRUE,FALSE,1
"S372","kthDigit",840,FALSE,TRUE,FALSE,4
"S372","nearestBusStop",848,FALSE,FALSE,FALSE,4
"S372","overNineThousand",852,TRUE,TRUE,FALSE,1
"S372","hasTwoDigits",853,TRUE,TRUE,FALSE,1
"S372","canDrinkAlcohol",854,FALSE,TRUE,FALSE,3
"S372","isEvenPositiveInt",860,TRUE,TRUE,FALSE,1
"S372","oneToN",908,FALSE,TRUE,FALSE,3
"S372","backwardsCombine",1680,TRUE,TRUE,FALSE,1
"S372","firstAndLast",1681,TRUE,TRUE,FALSE,1
"S372","isPunctuation",1682,TRUE,TRUE,FALSE,1
"S372","singlePigLatin",3085,TRUE,TRUE,FALSE,1
"S374","oneToN",1,FALSE,FALSE,TRUE,7
"S377","doubleX",1143,TRUE,TRUE,FALSE,1
"S378","helloWorld",77,TRUE,TRUE,FALSE,1
"S378","doubleX",78,TRUE,TRUE,FALSE,1
"S397","helloWorld",116,FALSE,TRUE,FALSE,2
"S397","doubleX",118,TRUE,TRUE,FALSE,1
"S399","helloWorld",491,TRUE,TRUE,FALSE,1
"S399","raiseToPower",492,FALSE,TRUE,FALSE,4
"S399","doubleX",496,TRUE,TRUE,FALSE,1
"S399","convertToDegrees",497,FALSE,TRUE,FALSE,3
"S399","findRoot",500,FALSE,FALSE,FALSE,3
"S399","intToFloat",503,TRUE,TRUE,FALSE,1
"S399","leftoverCandy",504,TRUE,TRUE,FALSE,1
"S399","howManyEggCartons",505,TRUE,TRUE,FALSE,1
"S399","kthDigit",506,FALSE,TRUE,FALSE,10
"S399","nearestBusStop",516,FALSE,TRUE,FALSE,7
"S399","overNineThousand",523,TRUE,TRUE,FALSE,1
"S399","hasTwoDigits",524,TRUE,TRUE,FALSE,1
"S399","canDrinkAlcohol",525,TRUE,TRUE,FALSE,1
"S399","isEvenPositiveInt",526,FALSE,TRUE,FALSE,4
"S399","oneToN",540,FALSE,FALSE,FALSE,3
"S430","helloWorld",1576,FALSE,TRUE,FALSE,8
"S430","doubleX",1584,TRUE,TRUE,FALSE,1
"S430","raiseToPower",1587,TRUE,TRUE,FALSE,1
"S430","convertToDegrees",1588,TRUE,TRUE,FALSE,1
"S430","findRoot",1589,TRUE,TRUE,FALSE,1
"S430","intToFloat",1590,TRUE,TRUE,FALSE,1
"S430","leftoverCandy",1591,TRUE,TRUE,FALSE,1
"S430","howManyEggCartons",1592,TRUE,TRUE,FALSE,1
"S430","kthDigit",1593,FALSE,TRUE,FALSE,2
"S430","nearestBusStop",1595,FALSE,TRUE,FALSE,15
"S430","overNineThousand",1610,FALSE,TRUE,FALSE,2
"S430","hasTwoDigits",1612,FALSE,TRUE,FALSE,12
"S430","canDrinkAlcohol",1624,TRUE,TRUE,FALSE,1
"S430","isEvenPositiveInt",1625,FALSE,FALSE,TRUE,14
"S444","helloWorld",965,FALSE,TRUE,FALSE,2
"S444","doubleX",969,TRUE,TRUE,FALSE,1
"S444","raiseToPower",970,TRUE,TRUE,FALSE,1
"S444","convertToDegrees",1162,FALSE,TRUE,FALSE,2
"S454","helloWorld",416,TRUE,TRUE,FALSE,1
"S454","doubleX",417,TRUE,TRUE,FALSE,1
"S454","raiseToPower",420,FALSE,TRUE,FALSE,2
"S454","convertToDegrees",423,FALSE,TRUE,FALSE,2
"S454","findRoot",431,FALSE,FALSE,FALSE,3
"S454","intToFloat",433,TRUE,TRUE,FALSE,1
"S454","leftoverCandy",435,FALSE,TRUE,FALSE,2
"S454","howManyEggCartons",437,FALSE,TRUE,TRUE,15
"S454","kthDigit",458,TRUE,TRUE,FALSE,1
"S454","nearestBusStop",460,TRUE,TRUE,FALSE,1
"S454","overNineThousand",461,TRUE,TRUE,FALSE,1
"S454","hasTwoDigits",462,FALSE,TRUE,FALSE,3
"S455","helloWorld",1197,FALSE,FALSE,FALSE,2
"S457","helloWorld",4,FALSE,TRUE,FALSE,7
"S467","helloWorld",1164,TRUE,TRUE,FALSE,1
"S467","doubleX",1165,TRUE,TRUE,FALSE,1
"S467","raiseToPower",1166,TRUE,TRUE,FALSE,1
"S467","convertToDegrees",1167,FALSE,FALSE,FALSE,1
"S467","hasTwoDigits",1168,TRUE,TRUE,FALSE,1
"S467","isPunctuation",1171,FALSE,TRUE,FALSE,4
"S467","canDrinkAlcohol",1176,FALSE,TRUE,FALSE,4
"S467","intToFloat",2885,TRUE,TRUE,FALSE,1
"S467","findRoot",2886,TRUE,TRUE,FALSE,1
"S467","leftoverCandy",2887,TRUE,TRUE,FALSE,1
"S467","howManyEggCartons",2888,TRUE,TRUE,FALSE,1
"S467","kthDigit",2890,FALSE,TRUE,FALSE,2
"S467","nearestBusStop",2892,FALSE,TRUE,FALSE,2
"S467","overNineThousand",2894,TRUE,TRUE,FALSE,1
"S467","isEvenPositiveInt",2895,TRUE,TRUE,FALSE,1
"S467","oneToN",2899,TRUE,TRUE,FALSE,1
"S467","backwardsCombine",2901,TRUE,TRUE,FALSE,1
"S467","firstAndLast",2902,TRUE,TRUE,FALSE,1
"S467","singlePigLatin",2906,TRUE,TRUE,FALSE,1
"S469","helloWorld",87,FALSE,TRUE,FALSE,5
"S469","doubleX",92,TRUE,TRUE,FALSE,1
"S469","raiseToPower",93,TRUE,TRUE,FALSE,1
"S469","convertToDegrees",94,FALSE,FALSE,FALSE,2
"S469","findRoot",96,FALSE,FALSE,FALSE,1
"S469","intToFloat",97,TRUE,TRUE,FALSE,1
"S469","leftoverCandy",100,TRUE,TRUE,FALSE,1
"S469","howManyEggCartons",104,FALSE,TRUE,FALSE,4
"S481","convertToDegrees",921,FALSE,FALSE,FALSE,2
"S496","helloWorld",209,TRUE,TRUE,FALSE,1
"S496","doubleX",210,TRUE,TRUE,FALSE,1
"S496","raiseToPower",215,TRUE,TRUE,FALSE,1
"S496","convertToDegrees",218,TRUE,TRUE,FALSE,1
"S496","findRoot",225,TRUE,TRUE,FALSE,1
"S496","intToFloat",227,TRUE,TRUE,FALSE,1
"S496","leftoverCandy",231,TRUE,TRUE,FALSE,1
"S496","howManyEggCartons",232,FALSE,TRUE,TRUE,8
"S496","kthDigit",249,FALSE,TRUE,FALSE,2
"S496","nearestBusStop",256,FALSE,TRUE,FALSE,2
"S496","overNineThousand",470,TRUE,TRUE,FALSE,1
"S496","hasTwoDigits",471,FALSE,TRUE,FALSE,7
"S496","canDrinkAlcohol",478,FALSE,TRUE,FALSE,2
"S496","isEvenPositiveInt",480,FALSE,TRUE,FALSE,2
"S496","oneToN",486,FALSE,TRUE,FALSE,2
"S508","helloWorld",60,TRUE,TRUE,FALSE,1
"S508","doubleX",61,TRUE,TRUE,FALSE,1
"S508","raiseToPower",62,TRUE,TRUE,FALSE,1
"S508","convertToDegrees",63,FALSE,FALSE,FALSE,1
"S508","intToFloat",64,TRUE,TRUE,FALSE,1
"S508","findRoot",65,FALSE,FALSE,FALSE,1
"S508","leftoverCandy",66,FALSE,TRUE,FALSE,2
"S508","howManyEggCartons",68,FALSE,TRUE,FALSE,2
"S508","kthDigit",70,FALSE,FALSE,FALSE,1
"S510","helloWorld",974,FALSE,TRUE,FALSE,2
"S510","doubleX",977,TRUE,TRUE,FALSE,1
"S510","raiseToPower",978,TRUE,TRUE,FALSE,1
"S510","convertToDegrees",979,TRUE,TRUE,FALSE,1
"S510","findRoot",980,TRUE,TRUE,FALSE,1
"S510","leftoverCandy",981,TRUE,TRUE,FALSE,1
"S510","intToFloat",982,TRUE,TRUE,FALSE,1
"S510","howManyEggCartons",983,FALSE,TRUE,FALSE,2
"S510","kthDigit",985,TRUE,TRUE,FALSE,1
"S510","nearestBusStop",986,TRUE,TRUE,FALSE,1
"S510","overNineThousand",987,TRUE,TRUE,FALSE,1
"S510","hasTwoDigits",988,TRUE,TRUE,FALSE,1
"S510","canDrinkAlcohol",989,FALSE,TRUE,FALSE,2
"S510","isEvenPositiveInt",991,FALSE,FALSE,TRUE,8
"S510","oneToN",1002,FALSE,TRUE,FALSE,8
"S510","backwardsCombine",1029,TRUE,TRUE,FALSE,1
"S510","firstAndLast",1037,FALSE,TRUE,FALSE,4
"S510","isPunctuation",1041,FALSE,TRUE,FALSE,5
"S510","singlePigLatin",1055,TRUE,TRUE,FALSE,1
"S523","doubleX",22,TRUE,TRUE,FALSE,1
"S523","leftoverCandy",2102,TRUE,TRUE,FALSE,1
"S534","helloWorld",187,TRUE,TRUE,FALSE,1
"S534","doubleX",191,TRUE,TRUE,FALSE,1
"S534","raiseToPower",193,TRUE,TRUE,FALSE,1
"S534","convertToDegrees",203,TRUE,TRUE,FALSE,1
"S534","findRoot",206,FALSE,TRUE,FALSE,3
"S534","intToFloat",219,TRUE,TRUE,FALSE,1
"S534","leftoverCandy",226,TRUE,TRUE,FALSE,1
"S534","howManyEggCartons",238,TRUE,TRUE,FALSE,1
"S534","kthDigit",243,TRUE,TRUE,FALSE,1
"S534","nearestBusStop",308,FALSE,TRUE,FALSE,6
"S534","overNineThousand",334,FALSE,TRUE,FALSE,2
"S534","hasTwoDigits",339,TRUE,TRUE,FALSE,1
"S534","canDrinkAlcohol",344,TRUE,TRUE,FALSE,1
"S534","isEvenPositiveInt",357,TRUE,TRUE,FALSE,1
"S534","oneToN",371,FALSE,TRUE,FALSE,9
"S534","backwardsCombine",535,TRUE,TRUE,FALSE,1
"S534","firstAndLast",536,FALSE,TRUE,FALSE,2
"S534","isPunctuation",542,FALSE,FALSE,FALSE,3
"S535","helloWorld",119,TRUE,TRUE,FALSE,1
"S535","doubleX",120,TRUE,TRUE,FALSE,1
"S535","raiseToPower",121,TRUE,TRUE,FALSE,1
"S535","convertToDegrees",122,FALSE,TRUE,FALSE,2
"S535","intToFloat",124,TRUE,TRUE,FALSE,1
"S535","leftoverCandy",125,TRUE,TRUE,FALSE,1
"S535","findRoot",126,TRUE,TRUE,FALSE,1
"S535","howManyEggCartons",127,FALSE,TRUE,FALSE,8
"S535","kthDigit",135,FALSE,FALSE,TRUE,85
"S535","nearestBusStop",251,FALSE,TRUE,FALSE,2
"S535","overNineThousand",254,TRUE,TRUE,FALSE,1
"S535","hasTwoDigits",255,TRUE,TRUE,FALSE,1
"S535","canDrinkAlcohol",257,TRUE,TRUE,FALSE,1
"S535","isEvenPositiveInt",261,FALSE,TRUE,FALSE,14
"S535","oneToN",283,FALSE,TRUE,TRUE,11
"S535","backwardsCombine",1534,FALSE,TRUE,FALSE,2
"S535","firstAndLast",1536,FALSE,TRUE,FALSE,2
"S535","isPunctuation",1538,TRUE,TRUE,FALSE,1
"S535","singlePigLatin",1543,FALSE,TRUE,FALSE,4
"S537","helloWorld",861,FALSE,TRUE,TRUE,6
"S537","doubleX",871,FALSE,TRUE,TRUE,3
"S537","raiseToPower",875,FALSE,TRUE,FALSE,2
"S537","convertToDegrees",877,FALSE,TRUE,FALSE,3
"S537","findRoot",880,FALSE,FALSE,FALSE,1
"S537","intToFloat",881,TRUE,TRUE,FALSE,1
"S537","leftoverCandy",882,TRUE,TRUE,FALSE,1
"S537","howManyEggCartons",883,TRUE,TRUE,FALSE,1
"S537","kthDigit",884,FALSE,TRUE,TRUE,7
"S537","oneToN",896,FALSE,TRUE,TRUE,11
"S537","nearestBusStop",1372,FALSE,FALSE,FALSE,1
"S537","overNineThousand",1640,FALSE,TRUE,FALSE,2
"S537","hasTwoDigits",1642,FALSE,TRUE,FALSE,2
"S537","canDrinkAlcohol",1644,TRUE,TRUE,FALSE,1
"S537","isEvenPositiveInt",1645,FALSE,TRUE,FALSE,7
"S537","backwardsCombine",2150,TRUE,TRUE,FALSE,1
"S537","firstAndLast",2151,TRUE,TRUE,FALSE,1
"S537","singlePigLatin",2234,TRUE,TRUE,FALSE,1
"S537","isPunctuation",2235,FALSE,TRUE,FALSE,6
"S539","helloWorld",1068,TRUE,TRUE,FALSE,1
"S539","doubleX",1069,TRUE,TRUE,FALSE,1
"S539","raiseToPower",1070,TRUE,TRUE,FALSE,1
"S539","convertToDegrees",1071,TRUE,TRUE,FALSE,1
"S539","findRoot",1072,FALSE,TRUE,FALSE,2
"S539","intToFloat",1074,TRUE,TRUE,FALSE,1
"S539","leftoverCandy",1075,TRUE,TRUE,FALSE,1
"S539","howManyEggCartons",1076,FALSE,TRUE,FALSE,2
"S539","kthDigit",1078,FALSE,TRUE,TRUE,6
"S539","nearestBusStop",1085,FALSE,TRUE,FALSE,6
"S539","overNineThousand",1091,TRUE,TRUE,FALSE,1
"S539","hasTwoDigits",1093,FALSE,TRUE,TRUE,3
"S539","canDrinkAlcohol",1100,FALSE,TRUE,FALSE,6
"S539","isEvenPositiveInt",1106,FALSE,FALSE,TRUE,13
"S540","canDrinkAlcohol",3031,TRUE,TRUE,FALSE,1
"S546","helloWorld",2961,TRUE,TRUE,FALSE,1
"S546","doubleX",2963,TRUE,TRUE,FALSE,1
"S546","raiseToPower",2964,TRUE,TRUE,FALSE,1
"S546","convertToDegrees",2965,TRUE,TRUE,FALSE,1
"S546","findRoot",2966,TRUE,TRUE,FALSE,1
"S586","helloWorld",547,TRUE,TRUE,FALSE,1
"S586","doubleX",548,TRUE,TRUE,FALSE,1
"S586","raiseToPower",549,TRUE,TRUE,FALSE,1
"S586","convertToDegrees",550,TRUE,TRUE,FALSE,1
"S586","findRoot",551,FALSE,FALSE,FALSE,1
"S586","intToFloat",552,TRUE,TRUE,FALSE,1
"S586","leftoverCandy",553,TRUE,TRUE,FALSE,1
"S586","howManyEggCartons",554,TRUE,TRUE,FALSE,1
"S586","kthDigit",555,FALSE,TRUE,FALSE,9
"S586","nearestBusStop",564,FALSE,TRUE,FALSE,16
"S586","overNineThousand",580,TRUE,TRUE,FALSE,1
"S586","hasTwoDigits",581,FALSE,TRUE,FALSE,4
"S586","canDrinkAlcohol",588,TRUE,TRUE,FALSE,1
"S586","isEvenPositiveInt",589,FALSE,TRUE,FALSE,3
"S586","oneToN",608,FALSE,FALSE,FALSE,49
"S587","helloWorld",9,FALSE,TRUE,FALSE,2
"S588","helloWorld",824,FALSE,FALSE,FALSE,5
"S592","helloWorld",661,TRUE,TRUE,FALSE,1
"S592","doubleX",662,TRUE,TRUE,FALSE,1
"S592","raiseToPower",663,TRUE,TRUE,FALSE,1
"S592","convertToDegrees",664,TRUE,TRUE,FALSE,1
"S592","findRoot",665,TRUE,TRUE,FALSE,1
"S592","intToFloat",667,TRUE,TRUE,FALSE,1
"S592","leftoverCandy",669,TRUE,TRUE,FALSE,1
"S592","howManyEggCartons",671,FALSE,TRUE,TRUE,4
"S592","kthDigit",677,FALSE,TRUE,FALSE,4
"S592","nearestBusStop",696,FALSE,TRUE,FALSE,4
"S602","helloWorld",34,FALSE,TRUE,FALSE,3
"S602","doubleX",40,TRUE,TRUE,FALSE,1
"S602","raiseToPower",44,TRUE,TRUE,FALSE,1
"S602","convertToDegrees",45,FALSE,FALSE,FALSE,1
"S602","findRoot",50,TRUE,TRUE,FALSE,1
"S602","intToFloat",52,TRUE,TRUE,FALSE,1
"S602","leftoverCandy",53,TRUE,TRUE,FALSE,1
"S602","howManyEggCartons",58,FALSE,TRUE,FALSE,2
"S602","kthDigit",71,FALSE,TRUE,FALSE,3
"S602","nearestBusStop",74,TRUE,TRUE,FALSE,1
"S602","overNineThousand",75,TRUE,TRUE,FALSE,1
"S602","hasTwoDigits",76,TRUE,TRUE,FALSE,1
"S608","helloWorld",23,TRUE,TRUE,FALSE,1
"S608","doubleX",24,TRUE,TRUE,FALSE,1
"S608","raiseToPower",26,TRUE,TRUE,FALSE,1
"S608","convertToDegrees",27,FALSE,TRUE,FALSE,3
"S608","findRoot",30,TRUE,TRUE,FALSE,1
"S608","intToFloat",31,TRUE,TRUE,FALSE,1
"S608","leftoverCandy",32,TRUE,TRUE,FALSE,1
"S608","howManyEggCartons",33,FALSE,TRUE,FALSE,3
"S608","kthDigit",39,FALSE,TRUE,FALSE,5
"S608","nearestBusStop",47,FALSE,FALSE,FALSE,1
"S608","overNineThousand",48,TRUE,TRUE,FALSE,1
"S608","hasTwoDigits",49,FALSE,FALSE,FALSE,7
"S652","helloWorld",666,FALSE,TRUE,FALSE,2
"S654","helloWorld",688,FALSE,TRUE,TRUE,3
"S654","doubleX",695,TRUE,TRUE,FALSE,1
"S654","raiseToPower",697,TRUE,TRUE,FALSE,1
"S654","convertToDegrees",699,TRUE,TRUE,FALSE,1
"S654","findRoot",703,TRUE,TRUE,FALSE,1
"S654","intToFloat",706,TRUE,TRUE,FALSE,1
"S654","leftoverCandy",707,TRUE,TRUE,FALSE,1
"S654","howManyEggCartons",708,TRUE,TRUE,FALSE,1
"S654","kthDigit",711,FALSE,TRUE,TRUE,3
"S654","nearestBusStop",732,FALSE,TRUE,TRUE,10
"S658","helloWorld",316,TRUE,TRUE,FALSE,1
"S658","doubleX",317,TRUE,TRUE,FALSE,1
"S658","raiseToPower",321,TRUE,TRUE,FALSE,1
"S658","oneToN",324,TRUE,TRUE,FALSE,1
"S658","canDrinkAlcohol",388,TRUE,TRUE,FALSE,1
"S659","helloWorld",98,FALSE,FALSE,FALSE,5
"S665","helloWorld",490,TRUE,TRUE,FALSE,1
"S683","helloWorld",590,FALSE,TRUE,FALSE,6
"S683","doubleX",599,TRUE,TRUE,FALSE,1
"S683","raiseToPower",600,TRUE,TRUE,FALSE,1
"S683","convertToDegrees",601,TRUE,TRUE,FALSE,1
"S683","findRoot",602,FALSE,FALSE,FALSE,1
"S683","intToFloat",604,TRUE,TRUE,FALSE,1
"S683","leftoverCandy",794,TRUE,TRUE,FALSE,1
"S683","howManyEggCartons",795,FALSE,TRUE,FALSE,2
"S683","kthDigit",797,TRUE,TRUE,FALSE,1
"S683","overNineThousand",798,TRUE,TRUE,FALSE,1
"S683","nearestBusStop",799,TRUE,TRUE,FALSE,1
"S683","hasTwoDigits",800,TRUE,TRUE,FALSE,1
"S683","canDrinkAlcohol",801,TRUE,TRUE,FALSE,1
"S683","isEvenPositiveInt",802,FALSE,TRUE,FALSE,3
"S683","oneToN",808,TRUE,TRUE,FALSE,1
"S683","backwardsCombine",816,TRUE,TRUE,FALSE,1
"S683","firstAndLast",817,TRUE,TRUE,FALSE,1
"S683","isPunctuation",818,TRUE,TRUE,FALSE,1
"S683","singlePigLatin",820,TRUE,TRUE,FALSE,1
"S707","oneToN",16,TRUE,TRUE,FALSE,1
"S720","leftoverCandy",843,TRUE,TRUE,FALSE,1
"S720","doubleX",844,TRUE,TRUE,FALSE,1
"S720","overNineThousand",845,FALSE,TRUE,FALSE,2
"S749","helloWorld",755,FALSE,TRUE,FALSE,7
"S749","doubleX",762,TRUE,TRUE,FALSE,1
"S749","raiseToPower",764,TRUE,TRUE,FALSE,1
"S749","convertToDegrees",765,TRUE,TRUE,FALSE,1
"S749","findRoot",766,TRUE,TRUE,FALSE,1
"S749","intToFloat",767,TRUE,TRUE,FALSE,1
"S749","leftoverCandy",768,TRUE,TRUE,FALSE,1
"S749","howManyEggCartons",770,FALSE,TRUE,FALSE,2
"S749","kthDigit",772,FALSE,TRUE,FALSE,9
"S749","nearestBusStop",785,FALSE,TRUE,FALSE,2
"S749","overNineThousand",941,TRUE,TRUE,FALSE,1
"S749","hasTwoDigits",942,TRUE,TRUE,FALSE,1
"S761","helloWorld",465,FALSE,TRUE,FALSE,4
"S761","doubleX",469,TRUE,TRUE,FALSE,1
"S761","raiseToPower",1364,TRUE,TRUE,FALSE,1
"S761","singlePigLatin",1366,TRUE,TRUE,FALSE,1
"S763","helloWorld",914,FALSE,FALSE,TRUE,5
"S773","helloWorld",2967,TRUE,TRUE,FALSE,1
"S773","doubleX",2968,TRUE,TRUE,FALSE,1
"S773","raiseToPower",2969,TRUE,TRUE,FALSE,1
"S773","convertToDegrees",2970,TRUE,TRUE,FALSE,1
"S773","intToFloat",2971,TRUE,TRUE,FALSE,1
"S773","findRoot",2972,TRUE,TRUE,FALSE,1
"S773","leftoverCandy",2973,TRUE,TRUE,FALSE,1
"S773","howManyEggCartons",2974,FALSE,TRUE,FALSE,3
"S773","kthDigit",2976,FALSE,TRUE,FALSE,2
"S773","nearestBusStop",2979,FALSE,FALSE,TRUE,1
"SA","raiseToPower",2441,TRUE,TRUE,FALSE,1
"SA","helloWorld",2442,TRUE,TRUE,FALSE,1
"SA","doubleX",2443,TRUE,TRUE,FALSE,1
"SA","convertToDegrees",2444,TRUE,TRUE,FALSE,1
"SA","isPunctuation",2446,FALSE,TRUE,TRUE,9
"SA","findRoot",2462,TRUE,TRUE,FALSE,1
"SA","intToFloat",2463,TRUE,TRUE,FALSE,1
"SA","leftoverCandy",2464,TRUE,TRUE,FALSE,1
"SA","howManyEggCartons",2470,FALSE,TRUE,FALSE,2
"SA","kthDigit",2475,FALSE,FALSE,TRUE,10
"SA","nearestBusStop",2506,FALSE,TRUE,TRUE,5
"SA","backwardsCombine",2522,TRUE,TRUE,FALSE,1
"SA","firstAndLast",2523,FALSE,TRUE,TRUE,2
"SA","singlePigLatin",2534,FALSE,TRUE,TRUE,5
"SA","overNineThousand",2554,TRUE,TRUE,FALSE,1
"SA","hasTwoDigits",2556,FALSE,TRUE,TRUE,12
"SA","canDrinkAlcohol",2596,FALSE,TRUE,FALSE,11
"SA","isEvenPositiveInt",2609,FALSE,TRUE,FALSE,5
"SA","oneToN",2616,FALSE,TRUE,TRUE,13
